{
  "R_global": 0.7129991602235543,
  "R_worst": 0.5,
  "mae": 0.3075608837923146,
  "mean_kappa": 0.697252906941562,
  "combined_score": 0.7818578884991544,
  "Acc_Hard": 0.43645874793881845,
  "Acc_Anchor": 1.0,
  "n_hard": 17587,
  "n_anchor": 16946,
  "n_total": 34533
}