{
  "R_global": 0.7596153846153846,
  "R_worst": 0.5733333333333334,
  "mae": 0.25,
  "mean_kappa": 0.924063604218551,
  "combined_score": 0.849502514268009,
  "Acc_Hard": 0.3055555555555556,
  "Acc_Anchor": 1.0,
  "n_hard": 72,
  "n_anchor": 136,
  "n_total": 208
}