{
  "R_global": 0.7596153846153846,
  "R_worst": 0.5666666666666667,
  "mae": 0.25,
  "mean_kappa": 0.9005606879453992,
  "combined_score": 0.8451522226406938,
  "Acc_Hard": 0.35064935064935066,
  "Acc_Anchor": 1.0,
  "n_hard": 77,
  "n_anchor": 131,
  "n_total": 208
}