{
  "R_global": 0.6140979689366786,
  "R_worst": 0.3173233474438294,
  "mae": 0.40860215053763443,
  "mean_kappa": 0.637962347166912,
  "combined_score": 0.6739872652341888,
  "Acc_Hard": 0.30982905982905984,
  "Acc_Anchor": 1.0,
  "n_hard": 1872,
  "n_anchor": 1476,
  "n_total": 3348
}