{
  "R_global": 0.6923076923076923,
  "R_worst": 0.5,
  "mae": 0.3269230769230769,
  "mean_kappa": 0.9134921717918263,
  "combined_score": 0.7937530633330289,
  "Acc_Hard": 0.2727272727272727,
  "Acc_Anchor": 1.0,
  "n_hard": 88,
  "n_anchor": 120,
  "n_total": 208
}