{
  "R_global": 0.7115384615384616,
  "R_worst": 0.5117647058823529,
  "mae": 0.30288461538461536,
  "mean_kappa": 0.8791450797974404,
  "combined_score": 0.8033429582059883,
  "Acc_Hard": 0.3333333333333333,
  "Acc_Anchor": 1.0,
  "n_hard": 90,
  "n_anchor": 118,
  "n_total": 208
}