{
  "R_global": 0.7244444444444444,
  "R_worst": 0.5599999999999999,
  "mae": 0.28888888888888886,
  "mean_kappa": 0.7191869562583445,
  "combined_score": 0.8080298067369456,
  "Acc_Hard": 0.41509433962264153,
  "Acc_Anchor": 1.0,
  "n_hard": 106,
  "n_anchor": 119,
  "n_total": 225
}