{
  "R_global": 0.8044444444444444,
  "R_worst": 0.6666666666666666,
  "mae": 0.20444444444444446,
  "mean_kappa": 0.8715353882821196,
  "combined_score": 0.8935979832726565,
  "Acc_Hard": 0.35294117647058826,
  "Acc_Anchor": 1.0,
  "n_hard": 68,
  "n_anchor": 157,
  "n_total": 225
}