{
  "R_global": 0.6971153846153846,
  "R_worst": 0.475,
  "mae": 0.32211538461538464,
  "mean_kappa": 0.9030160373794716,
  "combined_score": 0.7874891037379471,
  "Acc_Hard": 0.3225806451612903,
  "Acc_Anchor": 1.0,
  "n_hard": 93,
  "n_anchor": 115,
  "n_total": 208
}