{
  "R_global": 0.7307692307692307,
  "R_worst": 0.5666666666666667,
  "mae": 0.28365384615384615,
  "mean_kappa": 0.9027278909994912,
  "combined_score": 0.831306442946103,
  "Acc_Hard": 0.3488372093023256,
  "Acc_Anchor": 1.0,
  "n_hard": 86,
  "n_anchor": 122,
  "n_total": 208
}