{
  "R_global": 0.75,
  "R_worst": 0.5019607843137255,
  "mae": 0.25961538461538464,
  "mean_kappa": 0.9009255522552272,
  "combined_score": 0.8212096366734866,
  "Acc_Hard": 0.2463768115942029,
  "Acc_Anchor": 1.0,
  "n_hard": 69,
  "n_anchor": 139,
  "n_total": 208
}