{
  "R_global": 0.7186169750673269,
  "R_worst": 0.5318105223740873,
  "mae": 0.30191411114006894,
  "mean_kappa": 0,
  "combined_score": 0.7243463884036518,
  "Acc_Hard": 0.0,
  "Acc_Anchor": 1.0,
  "n_hard": 9717,
  "n_anchor": 24816,
  "n_total": 34533
}