{
  "R_global": 0.7403846153846154,
  "R_worst": 0.5019607843137255,
  "mae": 0.2692307692307692,
  "mean_kappa": 0.9112327519277844,
  "combined_score": 0.8176730489484345,
  "Acc_Hard": 0.25,
  "Acc_Anchor": 1.0,
  "n_hard": 72,
  "n_anchor": 136,
  "n_total": 208
}