{
  "R_global": 0.7548076923076923,
  "R_worst": 0.4222222222222223,
  "mae": 0.2644230769230769,
  "mean_kappa": 0.8875807553797522,
  "combined_score": 0.7975160883584881,
  "Acc_Hard": 0.37037037037037035,
  "Acc_Anchor": 1.0,
  "n_hard": 81,
  "n_anchor": 127,
  "n_total": 208
}