{
  "R_global": 0.6442307692307693,
  "R_worst": 0.4066666666666667,
  "mae": 0.3701923076923077,
  "mean_kappa": 0.9119566410303137,
  "combined_score": 0.743123548718416,
  "Acc_Hard": 0.2127659574468085,
  "Acc_Anchor": 1.0,
  "n_hard": 94,
  "n_anchor": 114,
  "n_total": 208
}