{
  "R_global": 0.7355769230769231,
  "R_worst": 0.5852941176470589,
  "mae": 0.27884615384615385,
  "mean_kappa": 0.9066889995193538,
  "combined_score": 0.8395744429383607,
  "Acc_Hard": 0.3373493975903614,
  "Acc_Anchor": 1.0,
  "n_hard": 83,
  "n_anchor": 125,
  "n_total": 208
}