{
  "R_global": 0.6538461538461539,
  "R_worst": 0.4066666666666667,
  "mae": 0.3605769230769231,
  "mean_kappa": 0.9151141639372851,
  "combined_score": 0.7480066087014208,
  "Acc_Hard": 0.23404255319148937,
  "Acc_Anchor": 1.0,
  "n_hard": 94,
  "n_anchor": 114,
  "n_total": 208
}