{
  "R_global": 0.7211538461538461,
  "R_worst": 0.5166666666666666,
  "mae": 0.28846153846153844,
  "mean_kappa": 0.8986183393315463,
  "combined_score": 0.8116887570100777,
  "Acc_Hard": 0.23684210526315788,
  "Acc_Anchor": 1.0,
  "n_hard": 76,
  "n_anchor": 132,
  "n_total": 208
}