{
  "R_global": 0.6875,
  "R_worst": 0.45,
  "mae": 0.3317307692307692,
  "mean_kappa": 0.9103666026745704,
  "combined_score": 0.7761568525751494,
  "Acc_Hard": 0.25287356321839083,
  "Acc_Anchor": 1.0,
  "n_hard": 87,
  "n_anchor": 121,
  "n_total": 208
}