{
  "R_global": 0.75,
  "R_worst": 0.6029411764705882,
  "mae": 0.2644230769230769,
  "mean_kappa": 0.9370892602724648,
  "combined_score": 0.8547595481991922,
  "Acc_Hard": 0.2777777777777778,
  "Acc_Anchor": 1.0,
  "n_hard": 72,
  "n_anchor": 136,
  "n_total": 208
}