{
  "R_global": 0.6730769230769231,
  "R_worst": 0.4066666666666667,
  "mae": 0.34134615384615385,
  "mean_kappa": 0.9044340862073458,
  "combined_score": 0.7560732163130424,
  "Acc_Hard": 0.26881720430107525,
  "Acc_Anchor": 1.0,
  "n_hard": 93,
  "n_anchor": 115,
  "n_total": 208
}