{
  "R_global": 0.7644230769230769,
  "R_worst": 0.5852941176470589,
  "mae": 0.25,
  "mean_kappa": 0.9409562354335074,
  "combined_score": 0.8567030896066992,
  "Acc_Hard": 0.26865671641791045,
  "Acc_Anchor": 1.0,
  "n_hard": 67,
  "n_anchor": 141,
  "n_total": 208
}