{
  "R_global": 0.6586538461538461,
  "R_worst": 0.4177777777777778,
  "mae": 0.3557692307692308,
  "mean_kappa": 0.919087010824479,
  "combined_score": 0.7540208805696273,
  "Acc_Hard": 0.24468085106382978,
  "Acc_Anchor": 1.0,
  "n_hard": 94,
  "n_anchor": 114,
  "n_total": 208
}