{
  "R_global": 0.7067307692307693,
  "R_worst": 0.5102941176470588,
  "mae": 0.3076923076923077,
  "mean_kappa": 0.9099992824377389,
  "combined_score": 0.8037035481532762,
  "Acc_Hard": 0.17567567567567569,
  "Acc_Anchor": 1.0,
  "n_hard": 74,
  "n_anchor": 134,
  "n_total": 208
}