{
  "R_global": 0.6730769230769231,
  "R_worst": 0.4066666666666667,
  "mae": 0.34134615384615385,
  "mean_kappa": 0.8976913250523135,
  "combined_score": 0.7553989401975391,
  "Acc_Hard": 0.2765957446808511,
  "Acc_Anchor": 1.0,
  "n_hard": 94,
  "n_anchor": 114,
  "n_total": 208
}