{
  "R_global": 0.75,
  "R_worst": 0.4666666666666667,
  "mae": 0.2644230769230769,
  "mean_kappa": 0.8946545430450158,
  "combined_score": 0.8096337235352709,
  "Acc_Hard": 0.38095238095238093,
  "Acc_Anchor": 1.0,
  "n_hard": 84,
  "n_anchor": 124,
  "n_total": 208
}