{
  "R_global": 0.6442307692307693,
  "R_worst": 0.4177777777777778,
  "mae": 0.3701923076923077,
  "mean_kappa": 0.9181132147163997,
  "combined_score": 0.747072539420358,
  "Acc_Hard": 0.1956521739130435,
  "Acc_Anchor": 1.0,
  "n_hard": 92,
  "n_anchor": 116,
  "n_total": 208
}