{
  "R_global": 0.7019230769230769,
  "R_worst": 0.5222222222222223,
  "mae": 0.3125,
  "mean_kappa": 0.9209848741756025,
  "combined_score": 0.8060968848534577,
  "Acc_Hard": 0.25301204819277107,
  "Acc_Anchor": 1.0,
  "n_hard": 83,
  "n_anchor": 125,
  "n_total": 208
}