{
  "R_global": 0.7039473684210527,
  "R_worst": 0.41944444444444445,
  "mae": 0.3059210526315789,
  "mean_kappa": 0.9111041114204168,
  "combined_score": 0.7755786128964276,
  "Acc_Hard": 0.23076923076923078,
  "Acc_Anchor": 1.0,
  "n_hard": 117,
  "n_anchor": 187,
  "n_total": 304
}