{
  "R_global": 0.7631578947368421,
  "R_worst": 0.5029411764705882,
  "mae": 0.25,
  "mean_kappa": 0.9127233940120872,
  "combined_score": 0.8286678502371221,
  "Acc_Hard": 0.2727272727272727,
  "Acc_Anchor": 1.0,
  "n_hard": 99,
  "n_anchor": 205,
  "n_total": 304
}