{
  "R_global": 0.6966292134831461,
  "R_worst": 0.5055555555555555,
  "mae": 0.3089887640449438,
  "mean_kappa": 0.9016205510262898,
  "combined_score": 0.7973062498591832,
  "Acc_Hard": 0.2987012987012987,
  "Acc_Anchor": 1.0,
  "n_hard": 77,
  "n_anchor": 101,
  "n_total": 178
}