{
  "R_global": 0.7078651685393258,
  "R_worst": 0.5647058823529412,
  "mae": 0.29213483146067415,
  "mean_kappa": 0.9022869859451657,
  "combined_score": 0.8208764183565788,
  "Acc_Hard": 0.3157894736842105,
  "Acc_Anchor": 1.0,
  "n_hard": 76,
  "n_anchor": 102,
  "n_total": 178
}