{
  "R_global": 0.754061332638346,
  "R_worst": 0.5590570158921443,
  "mae": 0.2562476471780616,
  "mean_kappa": 0.8814814140721183,
  "combined_score": 0.8382712056918389,
  "Acc_Hard": 0.2899423125156759,
  "Acc_Anchor": 1.0,
  "n_hard": 11961,
  "n_anchor": 22572,
  "n_total": 34533
}