{
  "R_global": 0.6586538461538461,
  "R_worst": 0.4177777777777778,
  "mae": 0.3557692307692308,
  "mean_kappa": 0.9158551845702444,
  "combined_score": 0.7536976979442039,
  "Acc_Hard": 0.22826086956521738,
  "Acc_Anchor": 1.0,
  "n_hard": 92,
  "n_anchor": 116,
  "n_total": 208
}