{
  "R_global": 0.6490384615384616,
  "R_worst": 0.4177777777777778,
  "mae": 0.36538461538461536,
  "mean_kappa": 0.9152573431427379,
  "combined_score": 0.7490706061091456,
  "Acc_Hard": 0.22340425531914893,
  "Acc_Anchor": 1.0,
  "n_hard": 94,
  "n_anchor": 114,
  "n_total": 208
}