{
  "R_global": 0.6634615384615384,
  "R_worst": 0.4066666666666667,
  "mae": 0.35096153846153844,
  "mean_kappa": 0.8890896586026198,
  "combined_score": 0.749971465860262,
  "Acc_Hard": 0.27835051546391754,
  "Acc_Anchor": 1.0,
  "n_hard": 97,
  "n_anchor": 111,
  "n_total": 208
}