{
  "R_global": 0.6966292134831461,
  "R_worst": 0.5055555555555555,
  "mae": 0.3089887640449438,
  "mean_kappa": 0.9038254297434106,
  "combined_score": 0.7975267377308952,
  "Acc_Hard": 0.2894736842105263,
  "Acc_Anchor": 1.0,
  "n_hard": 76,
  "n_anchor": 102,
  "n_total": 178
}