{
  "R_global": 0.6971153846153846,
  "R_worst": 0.5,
  "mae": 0.32211538461538464,
  "mean_kappa": 0.9178559898123752,
  "combined_score": 0.7964730989812375,
  "Acc_Hard": 0.25882352941176473,
  "Acc_Anchor": 1.0,
  "n_hard": 85,
  "n_anchor": 123,
  "n_total": 208
}