{
  "R_global": 0.7355769230769231,
  "R_worst": 0.5852941176470589,
  "mae": 0.27884615384615385,
  "mean_kappa": 0.923032491313727,
  "combined_score": 0.841208792117798,
  "Acc_Hard": 0.32098765432098764,
  "Acc_Anchor": 1.0,
  "n_hard": 81,
  "n_anchor": 127,
  "n_total": 208
}